﻿{"cameraMode":{"drawMode":0,"name":"Shaded","section":"Shading Mode"},"sceneLighting":false,"audioPlay":false,"sceneViewState":{"showFog":true,"showMaterialUpdate":false,"showSkybox":false,"showFlares":true,"showImageEffects":true,"showParticleSystems":true},"in2DMode":false,"pivot":{"x":1.5148857831954957,"y":4.999611854553223,"z":-8.859375},"rotation":{"x":-0.026937751099467279,"y":0.9858090281486511,"z":0.10150077939033508,"w":0.1310116946697235},"size":6.311577320098877,"orthographic":true}