﻿{"cameraMode":{"drawMode":0,"name":"Shaded","section":"Shading Mode"},"sceneLighting":true,"audioPlay":false,"sceneViewState":{"showFog":true,"showMaterialUpdate":false,"showSkybox":true,"showFlares":true,"showImageEffects":true,"showParticleSystems":true},"in2DMode":false,"pivot":{"x":433.8745422363281,"y":-31.997802734375,"z":84.834716796875},"rotation":{"x":0.015286264941096306,"y":0.9831742644309998,"z":-0.1534324735403061,"w":0.09795227646827698},"size":1741.0712890625,"orthographic":false}