﻿{"cameraMode":{"drawMode":0,"name":"Shaded","section":"Shading Mode"},"sceneLighting":true,"audioPlay":false,"sceneViewState":{"showFog":true,"showMaterialUpdate":false,"showSkybox":true,"showFlares":true,"showImageEffects":true,"showParticleSystems":true},"in2DMode":false,"pivot":{"x":1.2249374389648438,"y":-4.965919494628906,"z":0.06272506713867188},"rotation":{"x":-0.04592744633555412,"y":0.9515257477760315,"z":-0.17640420794487,"w":-0.247733011841774},"size":15.146899223327637,"orthographic":false}